{
    "train": [
        {
            "loss": 0.13162783872706726,
            "Accuracy": "0.136",
            "epoch": 0
        }
    ],
    "valid": [
        {
            "loss": 0.10485650463537736,
            "Accuracy": "0.137",
            "epoch": 0
        }
    ]
}